{
    "train_loss": [
        9.360027313232422,
        8.753504753112793
    ],
    "valid_loss": [
        8.053864479064941,
        8.221673965454102
    ],
    "best_loss_valid": 8.053864479064941,
    "seen_tokens": [
        8192,
        16384
    ]
}