{
    "train_loss": [
        3.645610809326172,
        3.129913091659546,
        2.874446153640747,
        2.718062162399292,
        2.611208438873291,
        2.53269100189209,
        2.4720041751861572,
        2.423792839050293,
        2.384286880493164,
        2.351026773452759,
        2.322705030441284,
        2.298142910003662,
        2.276665210723877,
        2.2577338218688965,
        2.2408859729766846,
        2.225792407989502,
        2.2121427059173584,
        2.1996147632598877,
        2.1882894039154053,
        2.1779911518096924
    ],
    "valid_loss": [
        2.8459067344665527,
        2.4542124271392822,
        2.296431541442871,
        2.2134041786193848,
        2.1646647453308105,
        2.1247713565826416,
        2.098846435546875,
        2.078555107116699,
        2.0613620281219482,
        2.0479001998901367,
        2.0353381633758545,
        2.0270564556121826,
        2.017104387283325,
        2.0118978023529053,
        2.0071229934692383,
        2.0008981227874756,
        1.9949039220809937,
        1.9908677339553833,
        1.988183856010437,
        1.9845988750457764
    ],
    "best_loss_valid": 1.988183856010437,
    "seen_tokens": [
        22511616,
        45023232,
        67534848,
        90046464,
        112558080,
        135069696,
        157581312,
        180092928,
        202604544,
        225116160,
        247627776,
        270139392,
        292651008,
        315162624,
        337674240,
        360185856,
        382697472,
        405209088,
        427720704,
        450011136
    ]
}